[
    {
        "id": 300,
        "name": "Goblin",
        "min_level": 1,
        "max_level": 3,
        "min_damage": 1,
        "max_damage": 5,
        "base_health": 80,
        "visible_range": 5,
        "movement_speed": 5,
        "attack_cooldown": 800
    },
    {
        "id": 301,
        "name": "Esqueleto",
        "min_level": 12,
        "max_level": 14,
        "min_damage": 10,
        "max_damage": 15,
        "base_health": 200,
        "visible_range": 4,
        "movement_speed": 4,
        "attack_cooldown": 2000
    },
    {
        "id": 302,
        "name": "Zombie",
        "min_level": 12,
        "max_level": 14,
        "min_damage": 15,
        "max_damage": 20,
        "base_health": 250,
        "visible_range": 4,
        "movement_speed": 2,
        "attack_cooldown": 3000
    },
    {
        "id": 303,
        "name": "Araña",
        "min_level": 10,
        "max_level": 12,
        "min_damage": 4,
        "max_damage": 8,
        "base_health": 150,
        "visible_range": 4,
        "movement_speed": 5,
        "attack_cooldown": 1500
    },
    {
        "id": 304,
        "name": "Serpiente Orange",
        "min_level": 4,
        "max_level": 6,
        "min_damage": 4,
        "max_damage": 6,
        "base_health": 75,
        "visible_range": 8,
        "movement_speed": 5,
        "attack_cooldown": 500
    },
    {
        "id": 305,
        "name": "Yeti",
        "min_level": 20,
        "max_level": 24,
        "min_damage": 10,
        "max_damage": 15,
        "base_health": 600,
        "visible_range": 5,
        "movement_speed": 4,
        "attack_cooldown": 2000
    },
    {
        "id": 306,
        "name": "Yeti Albino",
        "min_level": 30,
        "max_level": 34,
        "min_damage": 25,
        "max_damage": 30,
        "base_health": 1000,
        "visible_range": 5,
        "movement_speed": 4,
        "attack_cooldown": 2000
    },
    {
        "id": 307,
        "name": "La Parca",
        "min_level": 18,
        "max_level": 20,
        "min_damage": 20,
        "max_damage": 25,
        "base_health": 300,
        "visible_range": 4,
        "movement_speed": 3,
        "attack_cooldown": 2000
    },
    {
        "id": 308,
        "name": "Serpiente",
        "min_level": 2,
        "max_level": 4,
        "min_damage": 2,
        "max_damage": 4,
        "base_health": 50,
        "visible_range": 8,
        "movement_speed": 5,
        "attack_cooldown": 500
    },
    {
        "id": 309,
        "name": "Esqueleto Armado",
        "min_level": 15,
        "max_level": 18,
        "min_damage": 12,
        "max_damage": 18,
        "base_health": 300,
        "visible_range": 4,
        "movement_speed": 4,
        "attack_cooldown": 2000
    },
    {
        "id": 310,
        "name": "Lobo",
        "min_level": 3,
        "max_level": 6,
        "min_damage": 8,
        "max_damage": 10,
        "base_health": 200,
        "visible_range": 6,
        "movement_speed": 4,
        "attack_cooldown": 1600
    },
    {
        "id": 311,
        "name": "Lobo Albino",
        "min_level": 10,
        "max_level": 15,
        "min_damage": 12,
        "max_damage": 15,
        "base_health": 500,
        "visible_range": 6,
        "movement_speed": 4,
        "attack_cooldown": 1500
    },
    {
        "id": 312,
        "name": "Conejo Maldito",
        "min_level": 1,
        "max_level": 4,
        "min_damage": 1,
        "max_damage": 5,
        "base_health": 50,
        "visible_range": 5,
        "movement_speed": 5,
        "attack_cooldown": 900
    }
]