[
    {
        "id": 200,
        "name": "Mago",
        "max_health_factor": 4,
        "meditation_factor": 10,
        "max_mana_factor": 10,
        "intelligence": 5,
        "constitution": 1,
        "strength": 1,
        "agility": 2
    },
    {
        "id": 201,
        "name": "Clérigo",
        "max_health_factor": 6,
        "meditation_factor": 8,
        "max_mana_factor": 8,
        "intelligence": 3,
        "constitution": 2,
        "strength": 1,
        "agility": 3
    },
    {
        "id": 202,
        "name": "Paladín",
        "max_health_factor": 8,
        "meditation_factor": 6,
        "max_mana_factor": 6,
        "intelligence": 2,
        "constitution": 2,
        "strength": 2,
        "agility": 3
    },
    {
        "id": 203,
        "name": "Guerrero",
        "max_health_factor": 10,
        "meditation_factor": 0,
        "max_mana_factor": 0,
        "intelligence": 1,
        "constitution": 3,
        "strength": 4,
        "agility": 1
    }
]