[
        {
                "id": 100,
                "name": "Humano",
                "head_ids": [
                        2000,
                        2001,
                        2002
                ],
                "body_ids": [
                        2100
                ],
                "dead_head_id": 0,
                "dead_body_id": 2200,
                "max_health_factor": 10,
                "max_mana_factor": 10,
                "health_recovery_factor": 2,
                "mana_recovery_factor": 2,
                "intelligence": 1,
                "constitution": 3,
                "strength": 2,
                "agility": 2,
                "is_shorter": false
        },
        {
                "id": 101,
                "name": "Elfo",
                "head_ids": [
                        2020,
                        2021,
                        2022
                ],
                "body_ids": [
                        2101
                ],
                "dead_head_id": 0,
                "dead_body_id": 2200,
                "max_health_factor": 10,
                "max_mana_factor": 10,
                "health_recovery_factor": 2,
                "mana_recovery_factor": 2,
                "intelligence": 3,
                "constitution": 2,
                "strength": 1,
                "agility": 3,
                "is_shorter": false
        },
        {
                "id": 102,
                "name": "Enano",
                "head_ids": [
                        2040,
                        2041,
                        2042
                ],
                "body_ids": [
                        2102
                ],
                "dead_head_id": 0,
                "dead_body_id": 2200,
                "max_health_factor": 10,
                "max_mana_factor": 10,
                "health_recovery_factor": 2,
                "mana_recovery_factor": 2,
                "intelligence": 1,
                "constitution": 3,
                "strength": 3,
                "agility": 1,
                "is_shorter": true
        },
        {
                "id": 103,
                "name": "Gnomo",
                "head_ids": [
                        2060,
                        2061
                ],
                "body_ids": [
                        2103
                ],
                "dead_head_id": 0,
                "dead_body_id": 2200,
                "max_health_factor": 10,
                "max_mana_factor": 10,
                "health_recovery_factor": 2,
                "mana_recovery_factor": 2,
                "intelligence": 4,
                "constitution": 1,
                "strength": 1,
                "agility": 3,
                "is_shorter": true
        },
        {
                "id": 104,
                "name": "Elfo Oscuro",
                "head_ids": [
                        2080,
                        2081,
                        2082,
                        2083
                ],
                "body_ids": [
                        2104
                ],
                "dead_head_id": 0,
                "dead_body_id": 2200,
                "max_health_factor": 10,
                "max_mana_factor": 10,
                "health_recovery_factor": 2,
                "mana_recovery_factor": 2,
                "intelligence": 2,
                "constitution": 1,
                "strength": 3,
                "agility": 3,
                "is_shorter": false
        }
]