{
    "data": [
        {
            "id": 0,
            "name": "Ciudad",
            "filepath": "common/assets/Maps/0.json",
            "creatures": [
                300,
                308,
                310,
                312
            ]
        },
        {
            "id": 1,
            "name": "Cementerio",
            "filepath": "common/assets/Maps/1.json",
            "creatures": [
                301,
                302,
                303,
                307,
                309
            ]
        },
        {
            "id": 2,
            "name": "Bosque Nevado",
            "filepath": "common/assets/Maps/2.json",
            "creatures": [
                306,
                311,
                312
            ]
        },
        {
            "id": 3,
            "name": "Costa",
            "filepath": "common/assets/Maps/3.json",
            "creatures": [
                305
            ]
        },
        {
            "id": 4,
            "name": "Desierto",
            "filepath": "common/assets/Maps/4.json",
            "creatures": [
                304,
                308
            ]
        }
    ],
    "tilesets": {
        "ground": {
            "first_gid": 1,
            "next_first_gid": 167,
            "filepath": "common/assets/Maps/Tilesets/01-ground_tiles.json",
            "src": {
                "dirpath": "client/assets/Tiles/Ground/",
                "color_key": {
                    "is_needed": false,
                    "color": {
                        "r": 0,
                        "g": 0,
                        "b": 0
                    }
                }
            }
        },
        "decoration": {
            "first_gid": 167,
            "next_first_gid": 345,
            "filepath": "common/assets/Maps/Tilesets/02-decoration.json",
            "src": {
                "dirpath": "client/assets/Tiles/Decoration/",
                "color_key": {
                    "is_needed": true,
                    "color": {
                        "r": 0,
                        "g": 0,
                        "b": 0
                    }
                }
            }
        },
        "npcs": {
            "first_gid": 345,
            "next_first_gid": 353,
            "filepath": "common/assets/Maps/Tilesets/03-npcs.json",
            "src": {
                "dirpath": "client/assets/Tiles/NPCs/",
                "color_key": {
                    "is_needed": false,
                    "color": {
                        "r": 0,
                        "g": 0,
                        "b": 0
                    }
                }
            }
        },
        "metadata": {
            "first_gid": 353,
            "next_first_gid": 357,
            "filepath": "common/assets/Maps/Tilesets/04-metadata.json",
            "src": {
                "dirpath": "client/assets/Tiles/Metadata/",
                "color_key": {
                    "is_needed": false,
                    "color": {
                        "r": 0,
                        "g": 0,
                        "b": 0
                    }
                }
            }
        }
    }
}