{
    "music": {
        "dirpath": "client/assets/Audio/Music/",
        "extension": ".mp3",
        "songs": 19
    },
    "chunks": {
        "dirpath": "client/assets/Audio/Chunks/",
        "extension": ".wav",
        "samples": [
            0,
            1,
            2,
            3,
            4,
            5,
            6,
            7,
            8,
            9,
            10,
            11,
            13,
            14,
            128
        ],
        "listening_radio": 20
    },
    "local_sounds": {
        "click": "client/assets/Audio/Local/click.wav",
        "selection": "client/assets/Audio/Local/selection.wav"
    }
}