{
    "game_effects": {
        "death": {
            "dirpath": "client/assets/Effects/Death/",
            "clips": 11,
            "change_every_n_frames": 7,
            "offset": {
                "x": 0,
                "y": -30
            },
            "clip": {
                "is_needed": false,
                "w": 0,
                "h": 0
            },
            "color_key": {
                "is_needed": true,
                "color": {
                    "r": 0,
                    "g": 0,
                    "b": 0
                }
            }
        },
        "dmg": {
            "dirpath": "client/assets/Effects/Dmg/",
            "clips": 5,
            "change_every_n_frames": 3,
            "offset": {
                "x": 0,
                "y": -10
            },
            "clip": {
                "is_needed": false,
                "w": 0,
                "h": 0
            },
            "color_key": {
                "is_needed": true,
                "color": {
                    "r": 0,
                    "g": 0,
                    "b": 0
                }
            }
        },
        "explosion": {
            "dirpath": "client/assets/Effects/Explosion/",
            "clips": 21,
            "change_every_n_frames": 3,
            "offset": {
                "x": 0,
                "y": -50
            },
            "clip": {
                "is_needed": true,
                "w": 145,
                "h": 145
            },
            "color_key": {
                "is_needed": true,
                "color": {
                    "r": 0,
                    "g": 0,
                    "b": 0
                }
            }
        },
        "lightning": {
            "dirpath": "client/assets/Effects/Lightning/",
            "clips": 15,
            "change_every_n_frames": 3,
            "offset": {
                "x": 0,
                "y": -50
            },
            "clip": {
                "is_needed": false,
                "w": 0,
                "h": 0
            },
            "color_key": {
                "is_needed": true,
                "color": {
                    "r": 0,
                    "g": 0,
                    "b": 0
                }
            }
        },
        "fire": {
            "dirpath": "client/assets/Effects/Fire/",
            "clips": 15,
            "change_every_n_frames": 3,
            "offset": {
                "x": 0,
                "y": 0
            },
            "clip": {
                "is_needed": false,
                "w": 0,
                "h": 0
            },
            "color_key": {
                "is_needed": true,
                "color": {
                    "r": 0,
                    "g": 0,
                    "b": 0
                }
            }
        }
    },
    "border_effects": {
        "be_attacked": {
            "dirpath": "client/assets/Effects/BeAttacked/",
            "clips": 28,
            "change_every_n_frames": 1
        },
        "be_healed": {
            "dirpath": "client/assets/Effects/BeHealed/",
            "clips": 19,
            "change_every_n_frames": 2
        }
    }
}