{
    "races": [
        {
            "id": 100,
            "name": "Humano",
            "body_ids": [
                2100
            ],
            "head_ids": [
                2000,
                2001,
                2002
            ]
        },
        {
            "id": 101,
            "name": "Elfo",
            "body_ids": [
                2101
            ],
            "head_ids": [
                2020,
                2021,
                2022
            ]
        },
        {
            "id": 102,
            "name": "Enano",
            "body_ids": [
                2102
            ],
            "head_ids": [
                2040,
                2041,
                2042
            ]
        },
        {
            "id": 103,
            "name": "Gnomo",
            "body_ids": [
                2103
            ],
            "head_ids": [
                2060,
                2061
            ]
        },
        {
            "id": 104,
            "name": "Elfo Oscuro",
            "body_ids": [
                2104
            ],
            "head_ids": [
                2080,
                2081,
                2082,
                2083
            ]
        }
    ],
    "kinds": [
        {
            "id": 200,
            "name": "Mago"
        },
        {
            "id": 201,
            "name": "Clérigo"
        },
        {
            "id": 202,
            "name": "Paladín"
        },
        {
            "id": 203,
            "name": "Guerrero"
        }
    ]
}