{ "columns":0,
 "editorsettings":
    {
     "export":
        {
         "format":"",
         "target":"."
        }
    },
 "grid":
    {
     "height":1,
     "orientation":"orthogonal",
     "width":1
    },
 "margin":0,
 "name":"Ground",
 "spacing":0,
 "tilecount":166,
 "tiledversion":"2020.05.29",
 "tileheight":256,
 "tiles":[
        {
         "id":0,
         "image":"..\/..\/..\/..\/Client\/assets\/Tiles\/Ground\/0.png",
         "imageheight":64,
         "imagewidth":64
        }, 
        {
         "id":1,
         "image":"..\/..\/..\/..\/Client\/assets\/Tiles\/Ground\/1.png",
         "imageheight":128,
         "imagewidth":128
        }, 
        {
         "id":2,
         "image":"..\/..\/..\/..\/Client\/assets\/Tiles\/Ground\/2.png",
         "imageheight":128,
         "imagewidth":128
        }, 
        {
         "id":3,
         "image":"..\/..\/..\/..\/Client\/assets\/Tiles\/Ground\/3.png",
         "imageheight":128,
         "imagewidth":128
        }, 
        {
         "id":4,
         "image":"..\/..\/..\/..\/Client\/assets\/Tiles\/Ground\/4.png",
         "imageheight":128,
         "imagewidth":128
        }, 
        {
         "id":5,
         "image":"..\/..\/..\/..\/Client\/assets\/Tiles\/Ground\/5.png",
         "imageheight":128,
         "imagewidth":128
        }, 
        {
         "id":6,
         "image":"..\/..\/..\/..\/Client\/assets\/Tiles\/Ground\/6.png",
         "imageheight":128,
         "imagewidth":128
        }, 
        {
         "id":7,
         "image":"..\/..\/..\/..\/Client\/assets\/Tiles\/Ground\/7.png",
         "imageheight":128,
         "imagewidth":128
        }, 
        {
         "id":8,
         "image":"..\/..\/..\/..\/Client\/assets\/Tiles\/Ground\/8.png",
         "imageheight":128,
         "imagewidth":128
        }, 
        {
         "id":9,
         "image":"..\/..\/..\/..\/Client\/assets\/Tiles\/Ground\/9.png",
         "imageheight":128,
         "imagewidth":128
        }, 
        {
         "id":10,
         "image":"..\/..\/..\/..\/Client\/assets\/Tiles\/Ground\/10.png",
         "imageheight":128,
         "imagewidth":128
        }, 
        {
         "id":11,
         "image":"..\/..\/..\/..\/Client\/assets\/Tiles\/Ground\/11.png",
         "imageheight":128,
         "imagewidth":128
        }, 
        {
         "id":12,
         "image":"..\/..\/..\/..\/Client\/assets\/Tiles\/Ground\/12.png",
         "imageheight":128,
         "imagewidth":128
        }, 
        {
         "id":13,
         "image":"..\/..\/..\/..\/Client\/assets\/Tiles\/Ground\/13.png",
         "imageheight":128,
         "imagewidth":128
        }, 
        {
         "id":14,
         "image":"..\/..\/..\/..\/Client\/assets\/Tiles\/Ground\/14.png",
         "imageheight":128,
         "imagewidth":128
        }, 
        {
         "id":15,
         "image":"..\/..\/..\/..\/Client\/assets\/Tiles\/Ground\/15.png",
         "imageheight":64,
         "imagewidth":64
        }, 
        {
         "id":16,
         "image":"..\/..\/..\/..\/Client\/assets\/Tiles\/Ground\/16.png",
         "imageheight":64,
         "imagewidth":64
        }, 
        {
         "id":17,
         "image":"..\/..\/..\/..\/Client\/assets\/Tiles\/Ground\/17.png",
         "imageheight":64,
         "imagewidth":64
        }, 
        {
         "id":18,
         "image":"..\/..\/..\/..\/Client\/assets\/Tiles\/Ground\/18.png",
         "imageheight":64,
         "imagewidth":64
        }, 
        {
         "id":19,
         "image":"..\/..\/..\/..\/Client\/assets\/Tiles\/Ground\/19.png",
         "imageheight":64,
         "imagewidth":64
        }, 
        {
         "id":20,
         "image":"..\/..\/..\/..\/Client\/assets\/Tiles\/Ground\/20.png",
         "imageheight":64,
         "imagewidth":64
        }, 
        {
         "id":21,
         "image":"..\/..\/..\/..\/Client\/assets\/Tiles\/Ground\/21.png",
         "imageheight":64,
         "imagewidth":64
        }, 
        {
         "id":22,
         "image":"..\/..\/..\/..\/Client\/assets\/Tiles\/Ground\/22.png",
         "imageheight":64,
         "imagewidth":64
        }, 
        {
         "id":23,
         "image":"..\/..\/..\/..\/Client\/assets\/Tiles\/Ground\/23.png",
         "imageheight":64,
         "imagewidth":64
        }, 
        {
         "id":24,
         "image":"..\/..\/..\/..\/Client\/assets\/Tiles\/Ground\/24.png",
         "imageheight":64,
         "imagewidth":64
        }, 
        {
         "id":25,
         "image":"..\/..\/..\/..\/Client\/assets\/Tiles\/Ground\/25.png",
         "imageheight":64,
         "imagewidth":64
        }, 
        {
         "id":26,
         "image":"..\/..\/..\/..\/Client\/assets\/Tiles\/Ground\/26.png",
         "imageheight":64,
         "imagewidth":64
        }, 
        {
         "id":27,
         "image":"..\/..\/..\/..\/Client\/assets\/Tiles\/Ground\/27.png",
         "imageheight":64,
         "imagewidth":64
        }, 
        {
         "id":28,
         "image":"..\/..\/..\/..\/Client\/assets\/Tiles\/Ground\/28.png",
         "imageheight":64,
         "imagewidth":64
        }, 
        {
         "id":29,
         "image":"..\/..\/..\/..\/Client\/assets\/Tiles\/Ground\/29.png",
         "imageheight":64,
         "imagewidth":64
        }, 
        {
         "id":30,
         "image":"..\/..\/..\/..\/Client\/assets\/Tiles\/Ground\/30.png",
         "imageheight":64,
         "imagewidth":64
        }, 
        {
         "id":31,
         "image":"..\/..\/..\/..\/Client\/assets\/Tiles\/Ground\/31.png",
         "imageheight":128,
         "imagewidth":128
        }, 
        {
         "id":32,
         "image":"..\/..\/..\/..\/Client\/assets\/Tiles\/Ground\/32.png",
         "imageheight":128,
         "imagewidth":128
        }, 
        {
         "id":33,
         "image":"..\/..\/..\/..\/Client\/assets\/Tiles\/Ground\/33.png",
         "imageheight":128,
         "imagewidth":128
        }, 
        {
         "id":34,
         "image":"..\/..\/..\/..\/Client\/assets\/Tiles\/Ground\/34.png",
         "imageheight":128,
         "imagewidth":128
        }, 
        {
         "id":35,
         "image":"..\/..\/..\/..\/Client\/assets\/Tiles\/Ground\/35.png",
         "imageheight":128,
         "imagewidth":128
        }, 
        {
         "id":36,
         "image":"..\/..\/..\/..\/Client\/assets\/Tiles\/Ground\/36.png",
         "imageheight":128,
         "imagewidth":128
        }, 
        {
         "id":37,
         "image":"..\/..\/..\/..\/Client\/assets\/Tiles\/Ground\/37.png",
         "imageheight":128,
         "imagewidth":128
        }, 
        {
         "id":38,
         "image":"..\/..\/..\/..\/Client\/assets\/Tiles\/Ground\/38.png",
         "imageheight":128,
         "imagewidth":128
        }, 
        {
         "id":39,
         "image":"..\/..\/..\/..\/Client\/assets\/Tiles\/Ground\/39.png",
         "imageheight":128,
         "imagewidth":128
        }, 
        {
         "id":40,
         "image":"..\/..\/..\/..\/Client\/assets\/Tiles\/Ground\/40.png",
         "imageheight":128,
         "imagewidth":128
        }, 
        {
         "id":41,
         "image":"..\/..\/..\/..\/Client\/assets\/Tiles\/Ground\/41.png",
         "imageheight":128,
         "imagewidth":128
        }, 
        {
         "id":42,
         "image":"..\/..\/..\/..\/Client\/assets\/Tiles\/Ground\/42.png",
         "imageheight":128,
         "imagewidth":128
        }, 
        {
         "id":43,
         "image":"..\/..\/..\/..\/Client\/assets\/Tiles\/Ground\/43.png",
         "imageheight":128,
         "imagewidth":128
        }, 
        {
         "id":44,
         "image":"..\/..\/..\/..\/Client\/assets\/Tiles\/Ground\/44.png",
         "imageheight":128,
         "imagewidth":128
        }, 
        {
         "id":45,
         "image":"..\/..\/..\/..\/Client\/assets\/Tiles\/Ground\/45.png",
         "imageheight":128,
         "imagewidth":128
        }, 
        {
         "id":46,
         "image":"..\/..\/..\/..\/Client\/assets\/Tiles\/Ground\/46.png",
         "imageheight":128,
         "imagewidth":128
        }, 
        {
         "id":47,
         "image":"..\/..\/..\/..\/Client\/assets\/Tiles\/Ground\/47.png",
         "imageheight":128,
         "imagewidth":128
        }, 
        {
         "id":48,
         "image":"..\/..\/..\/..\/Client\/assets\/Tiles\/Ground\/48.png",
         "imageheight":128,
         "imagewidth":128
        }, 
        {
         "id":49,
         "image":"..\/..\/..\/..\/Client\/assets\/Tiles\/Ground\/49.png",
         "imageheight":128,
         "imagewidth":128
        }, 
        {
         "id":50,
         "image":"..\/..\/..\/..\/Client\/assets\/Tiles\/Ground\/50.png",
         "imageheight":128,
         "imagewidth":128
        }, 
        {
         "id":51,
         "image":"..\/..\/..\/..\/Client\/assets\/Tiles\/Ground\/51.png",
         "imageheight":128,
         "imagewidth":128
        }, 
        {
         "id":52,
         "image":"..\/..\/..\/..\/Client\/assets\/Tiles\/Ground\/52.png",
         "imageheight":128,
         "imagewidth":128
        }, 
        {
         "id":53,
         "image":"..\/..\/..\/..\/Client\/assets\/Tiles\/Ground\/53.png",
         "imageheight":128,
         "imagewidth":128
        }, 
        {
         "id":54,
         "image":"..\/..\/..\/..\/Client\/assets\/Tiles\/Ground\/54.png",
         "imageheight":128,
         "imagewidth":128
        }, 
        {
         "id":55,
         "image":"..\/..\/..\/..\/Client\/assets\/Tiles\/Ground\/55.png",
         "imageheight":128,
         "imagewidth":128
        }, 
        {
         "id":56,
         "image":"..\/..\/..\/..\/Client\/assets\/Tiles\/Ground\/56.png",
         "imageheight":128,
         "imagewidth":128
        }, 
        {
         "id":57,
         "image":"..\/..\/..\/..\/Client\/assets\/Tiles\/Ground\/57.png",
         "imageheight":128,
         "imagewidth":128
        }, 
        {
         "id":58,
         "image":"..\/..\/..\/..\/Client\/assets\/Tiles\/Ground\/58.png",
         "imageheight":128,
         "imagewidth":128
        }, 
        {
         "id":59,
         "image":"..\/..\/..\/..\/Client\/assets\/Tiles\/Ground\/59.png",
         "imageheight":128,
         "imagewidth":128
        }, 
        {
         "id":60,
         "image":"..\/..\/..\/..\/Client\/assets\/Tiles\/Ground\/60.png",
         "imageheight":128,
         "imagewidth":128
        }, 
        {
         "id":61,
         "image":"..\/..\/..\/..\/Client\/assets\/Tiles\/Ground\/61.png",
         "imageheight":128,
         "imagewidth":128
        }, 
        {
         "id":62,
         "image":"..\/..\/..\/..\/Client\/assets\/Tiles\/Ground\/62.png",
         "imageheight":64,
         "imagewidth":64
        }, 
        {
         "id":63,
         "image":"..\/..\/..\/..\/Client\/assets\/Tiles\/Ground\/63.png",
         "imageheight":64,
         "imagewidth":64
        }, 
        {
         "id":64,
         "image":"..\/..\/..\/..\/Client\/assets\/Tiles\/Ground\/64.png",
         "imageheight":64,
         "imagewidth":64
        }, 
        {
         "id":65,
         "image":"..\/..\/..\/..\/Client\/assets\/Tiles\/Ground\/65.png",
         "imageheight":64,
         "imagewidth":64
        }, 
        {
         "id":66,
         "image":"..\/..\/..\/..\/Client\/assets\/Tiles\/Ground\/66.png",
         "imageheight":64,
         "imagewidth":64
        }, 
        {
         "id":67,
         "image":"..\/..\/..\/..\/Client\/assets\/Tiles\/Ground\/67.png",
         "imageheight":128,
         "imagewidth":128
        }, 
        {
         "id":68,
         "image":"..\/..\/..\/..\/Client\/assets\/Tiles\/Ground\/68.png",
         "imageheight":128,
         "imagewidth":128
        }, 
        {
         "id":69,
         "image":"..\/..\/..\/..\/Client\/assets\/Tiles\/Ground\/69.png",
         "imageheight":128,
         "imagewidth":128
        }, 
        {
         "id":70,
         "image":"..\/..\/..\/..\/Client\/assets\/Tiles\/Ground\/70.png",
         "imageheight":128,
         "imagewidth":128
        }, 
        {
         "id":71,
         "image":"..\/..\/..\/..\/Client\/assets\/Tiles\/Ground\/71.png",
         "imageheight":128,
         "imagewidth":128
        }, 
        {
         "id":72,
         "image":"..\/..\/..\/..\/Client\/assets\/Tiles\/Ground\/72.png",
         "imageheight":128,
         "imagewidth":128
        }, 
        {
         "id":73,
         "image":"..\/..\/..\/..\/Client\/assets\/Tiles\/Ground\/73.png",
         "imageheight":128,
         "imagewidth":128
        }, 
        {
         "id":74,
         "image":"..\/..\/..\/..\/Client\/assets\/Tiles\/Ground\/74.png",
         "imageheight":128,
         "imagewidth":128
        }, 
        {
         "id":75,
         "image":"..\/..\/..\/..\/Client\/assets\/Tiles\/Ground\/75.png",
         "imageheight":64,
         "imagewidth":64
        }, 
        {
         "id":76,
         "image":"..\/..\/..\/..\/Client\/assets\/Tiles\/Ground\/76.png",
         "imageheight":64,
         "imagewidth":64
        }, 
        {
         "id":77,
         "image":"..\/..\/..\/..\/Client\/assets\/Tiles\/Ground\/77.png",
         "imageheight":64,
         "imagewidth":64
        }, 
        {
         "id":78,
         "image":"..\/..\/..\/..\/Client\/assets\/Tiles\/Ground\/78.png",
         "imageheight":128,
         "imagewidth":128
        }, 
        {
         "id":79,
         "image":"..\/..\/..\/..\/Client\/assets\/Tiles\/Ground\/79.png",
         "imageheight":128,
         "imagewidth":128
        }, 
        {
         "id":80,
         "image":"..\/..\/..\/..\/Client\/assets\/Tiles\/Ground\/80.png",
         "imageheight":128,
         "imagewidth":128
        }, 
        {
         "id":81,
         "image":"..\/..\/..\/..\/Client\/assets\/Tiles\/Ground\/81.png",
         "imageheight":128,
         "imagewidth":128
        }, 
        {
         "id":82,
         "image":"..\/..\/..\/..\/Client\/assets\/Tiles\/Ground\/82.png",
         "imageheight":128,
         "imagewidth":128
        }, 
        {
         "id":83,
         "image":"..\/..\/..\/..\/Client\/assets\/Tiles\/Ground\/83.png",
         "imageheight":128,
         "imagewidth":128
        }, 
        {
         "id":84,
         "image":"..\/..\/..\/..\/Client\/assets\/Tiles\/Ground\/84.png",
         "imageheight":128,
         "imagewidth":128
        }, 
        {
         "id":85,
         "image":"..\/..\/..\/..\/Client\/assets\/Tiles\/Ground\/85.png",
         "imageheight":64,
         "imagewidth":64
        }, 
        {
         "id":86,
         "image":"..\/..\/..\/..\/Client\/assets\/Tiles\/Ground\/86.png",
         "imageheight":64,
         "imagewidth":64
        }, 
        {
         "id":87,
         "image":"..\/..\/..\/..\/Client\/assets\/Tiles\/Ground\/87.png",
         "imageheight":64,
         "imagewidth":64
        }, 
        {
         "id":88,
         "image":"..\/..\/..\/..\/Client\/assets\/Tiles\/Ground\/88.png",
         "imageheight":64,
         "imagewidth":64
        }, 
        {
         "id":89,
         "image":"..\/..\/..\/..\/Client\/assets\/Tiles\/Ground\/89.png",
         "imageheight":64,
         "imagewidth":64
        }, 
        {
         "id":90,
         "image":"..\/..\/..\/..\/Client\/assets\/Tiles\/Ground\/90.png",
         "imageheight":64,
         "imagewidth":64
        }, 
        {
         "id":91,
         "image":"..\/..\/..\/..\/Client\/assets\/Tiles\/Ground\/91.png",
         "imageheight":64,
         "imagewidth":64
        }, 
        {
         "id":92,
         "image":"..\/..\/..\/..\/Client\/assets\/Tiles\/Ground\/92.png",
         "imageheight":64,
         "imagewidth":64
        }, 
        {
         "id":93,
         "image":"..\/..\/..\/..\/Client\/assets\/Tiles\/Ground\/93.png",
         "imageheight":64,
         "imagewidth":64
        }, 
        {
         "id":94,
         "image":"..\/..\/..\/..\/Client\/assets\/Tiles\/Ground\/94.png",
         "imageheight":64,
         "imagewidth":64
        }, 
        {
         "id":95,
         "image":"..\/..\/..\/..\/Client\/assets\/Tiles\/Ground\/95.png",
         "imageheight":64,
         "imagewidth":64
        }, 
        {
         "id":96,
         "image":"..\/..\/..\/..\/Client\/assets\/Tiles\/Ground\/96.png",
         "imageheight":64,
         "imagewidth":64
        }, 
        {
         "id":97,
         "image":"..\/..\/..\/..\/Client\/assets\/Tiles\/Ground\/97.png",
         "imageheight":64,
         "imagewidth":64
        }, 
        {
         "id":98,
         "image":"..\/..\/..\/..\/Client\/assets\/Tiles\/Ground\/98.png",
         "imageheight":64,
         "imagewidth":64
        }, 
        {
         "id":99,
         "image":"..\/..\/..\/..\/Client\/assets\/Tiles\/Ground\/99.png",
         "imageheight":64,
         "imagewidth":64
        }, 
        {
         "id":100,
         "image":"..\/..\/..\/..\/Client\/assets\/Tiles\/Ground\/100.png",
         "imageheight":64,
         "imagewidth":64
        }, 
        {
         "id":101,
         "image":"..\/..\/..\/..\/Client\/assets\/Tiles\/Ground\/101.png",
         "imageheight":64,
         "imagewidth":64
        }, 
        {
         "id":102,
         "image":"..\/..\/..\/..\/Client\/assets\/Tiles\/Ground\/102.png",
         "imageheight":64,
         "imagewidth":64
        }, 
        {
         "id":103,
         "image":"..\/..\/..\/..\/Client\/assets\/Tiles\/Ground\/103.png",
         "imageheight":64,
         "imagewidth":64
        }, 
        {
         "id":104,
         "image":"..\/..\/..\/..\/Client\/assets\/Tiles\/Ground\/104.png",
         "imageheight":64,
         "imagewidth":64
        }, 
        {
         "id":105,
         "image":"..\/..\/..\/..\/Client\/assets\/Tiles\/Ground\/105.png",
         "imageheight":64,
         "imagewidth":64
        }, 
        {
         "id":106,
         "image":"..\/..\/..\/..\/Client\/assets\/Tiles\/Ground\/106.png",
         "imageheight":64,
         "imagewidth":64
        }, 
        {
         "id":107,
         "image":"..\/..\/..\/..\/Client\/assets\/Tiles\/Ground\/107.png",
         "imageheight":64,
         "imagewidth":64
        }, 
        {
         "id":108,
         "image":"..\/..\/..\/..\/Client\/assets\/Tiles\/Ground\/108.png",
         "imageheight":64,
         "imagewidth":64
        }, 
        {
         "id":109,
         "image":"..\/..\/..\/..\/Client\/assets\/Tiles\/Ground\/109.png",
         "imageheight":64,
         "imagewidth":64
        }, 
        {
         "id":110,
         "image":"..\/..\/..\/..\/Client\/assets\/Tiles\/Ground\/110.png",
         "imageheight":64,
         "imagewidth":64
        }, 
        {
         "id":111,
         "image":"..\/..\/..\/..\/Client\/assets\/Tiles\/Ground\/111.png",
         "imageheight":64,
         "imagewidth":64
        }, 
        {
         "id":112,
         "image":"..\/..\/..\/..\/Client\/assets\/Tiles\/Ground\/112.png",
         "imageheight":128,
         "imagewidth":128
        }, 
        {
         "id":113,
         "image":"..\/..\/..\/..\/Client\/assets\/Tiles\/Ground\/113.png",
         "imageheight":256,
         "imagewidth":256
        }, 
        {
         "id":114,
         "image":"..\/..\/..\/..\/Client\/assets\/Tiles\/Ground\/114.png",
         "imageheight":128,
         "imagewidth":128
        }, 
        {
         "id":115,
         "image":"..\/..\/..\/..\/Client\/assets\/Tiles\/Ground\/115.png",
         "imageheight":128,
         "imagewidth":128
        }, 
        {
         "id":116,
         "image":"..\/..\/..\/..\/Client\/assets\/Tiles\/Ground\/116.png",
         "imageheight":128,
         "imagewidth":128
        }, 
        {
         "id":117,
         "image":"..\/..\/..\/..\/Client\/assets\/Tiles\/Ground\/117.png",
         "imageheight":128,
         "imagewidth":128
        }, 
        {
         "id":118,
         "image":"..\/..\/..\/..\/Client\/assets\/Tiles\/Ground\/118.png",
         "imageheight":128,
         "imagewidth":128
        }, 
        {
         "id":119,
         "image":"..\/..\/..\/..\/Client\/assets\/Tiles\/Ground\/119.png",
         "imageheight":128,
         "imagewidth":128
        }, 
        {
         "id":120,
         "image":"..\/..\/..\/..\/Client\/assets\/Tiles\/Ground\/120.png",
         "imageheight":128,
         "imagewidth":128
        }, 
        {
         "id":121,
         "image":"..\/..\/..\/..\/Client\/assets\/Tiles\/Ground\/121.png",
         "imageheight":128,
         "imagewidth":128
        }, 
        {
         "id":122,
         "image":"..\/..\/..\/..\/Client\/assets\/Tiles\/Ground\/122.png",
         "imageheight":128,
         "imagewidth":128
        }, 
        {
         "id":123,
         "image":"..\/..\/..\/..\/Client\/assets\/Tiles\/Ground\/123.png",
         "imageheight":128,
         "imagewidth":128
        }, 
        {
         "id":124,
         "image":"..\/..\/..\/..\/Client\/assets\/Tiles\/Ground\/124.png",
         "imageheight":128,
         "imagewidth":128
        }, 
        {
         "id":125,
         "image":"..\/..\/..\/..\/Client\/assets\/Tiles\/Ground\/125.png",
         "imageheight":128,
         "imagewidth":128
        }, 
        {
         "id":126,
         "image":"..\/..\/..\/..\/Client\/assets\/Tiles\/Ground\/126.png",
         "imageheight":128,
         "imagewidth":128
        }, 
        {
         "id":127,
         "image":"..\/..\/..\/..\/Client\/assets\/Tiles\/Ground\/127.png",
         "imageheight":128,
         "imagewidth":128
        }, 
        {
         "id":128,
         "image":"..\/..\/..\/..\/Client\/assets\/Tiles\/Ground\/128.png",
         "imageheight":128,
         "imagewidth":128
        }, 
        {
         "id":129,
         "image":"..\/..\/..\/..\/Client\/assets\/Tiles\/Ground\/129.png",
         "imageheight":128,
         "imagewidth":128
        }, 
        {
         "id":130,
         "image":"..\/..\/..\/..\/Client\/assets\/Tiles\/Ground\/130.png",
         "imageheight":128,
         "imagewidth":128
        }, 
        {
         "id":131,
         "image":"..\/..\/..\/..\/Client\/assets\/Tiles\/Ground\/131.png",
         "imageheight":128,
         "imagewidth":128
        }, 
        {
         "id":132,
         "image":"..\/..\/..\/..\/Client\/assets\/Tiles\/Ground\/132.png",
         "imageheight":128,
         "imagewidth":128
        }, 
        {
         "id":133,
         "image":"..\/..\/..\/..\/Client\/assets\/Tiles\/Ground\/133.png",
         "imageheight":128,
         "imagewidth":128
        }, 
        {
         "id":134,
         "image":"..\/..\/..\/..\/Client\/assets\/Tiles\/Ground\/134.png",
         "imageheight":128,
         "imagewidth":128
        }, 
        {
         "id":135,
         "image":"..\/..\/..\/..\/Client\/assets\/Tiles\/Ground\/135.png",
         "imageheight":128,
         "imagewidth":128
        }, 
        {
         "id":136,
         "image":"..\/..\/..\/..\/Client\/assets\/Tiles\/Ground\/136.png",
         "imageheight":128,
         "imagewidth":128
        }, 
        {
         "id":137,
         "image":"..\/..\/..\/..\/Client\/assets\/Tiles\/Ground\/137.png",
         "imageheight":128,
         "imagewidth":128
        }, 
        {
         "id":138,
         "image":"..\/..\/..\/..\/Client\/assets\/Tiles\/Ground\/138.png",
         "imageheight":128,
         "imagewidth":128
        }, 
        {
         "id":139,
         "image":"..\/..\/..\/..\/Client\/assets\/Tiles\/Ground\/139.png",
         "imageheight":128,
         "imagewidth":128
        }, 
        {
         "id":140,
         "image":"..\/..\/..\/..\/Client\/assets\/Tiles\/Ground\/140.png",
         "imageheight":128,
         "imagewidth":128
        }, 
        {
         "id":141,
         "image":"..\/..\/..\/..\/Client\/assets\/Tiles\/Ground\/141.png",
         "imageheight":128,
         "imagewidth":128
        }, 
        {
         "id":142,
         "image":"..\/..\/..\/..\/Client\/assets\/Tiles\/Ground\/142.png",
         "imageheight":128,
         "imagewidth":128
        }, 
        {
         "id":143,
         "image":"..\/..\/..\/..\/Client\/assets\/Tiles\/Ground\/143.png",
         "imageheight":128,
         "imagewidth":128
        }, 
        {
         "id":144,
         "image":"..\/..\/..\/..\/Client\/assets\/Tiles\/Ground\/144.png",
         "imageheight":128,
         "imagewidth":128
        }, 
        {
         "id":145,
         "image":"..\/..\/..\/..\/Client\/assets\/Tiles\/Ground\/145.png",
         "imageheight":64,
         "imagewidth":64
        }, 
        {
         "id":146,
         "image":"..\/..\/..\/..\/Client\/assets\/Tiles\/Ground\/146.png",
         "imageheight":64,
         "imagewidth":64
        }, 
        {
         "id":147,
         "image":"..\/..\/..\/..\/Client\/assets\/Tiles\/Ground\/147.png",
         "imageheight":64,
         "imagewidth":64
        }, 
        {
         "id":148,
         "image":"..\/..\/..\/..\/Client\/assets\/Tiles\/Ground\/148.png",
         "imageheight":64,
         "imagewidth":64
        }, 
        {
         "id":149,
         "image":"..\/..\/..\/..\/Client\/assets\/Tiles\/Ground\/149.png",
         "imageheight":64,
         "imagewidth":64
        }, 
        {
         "id":150,
         "image":"..\/..\/..\/..\/Client\/assets\/Tiles\/Ground\/150.png",
         "imageheight":64,
         "imagewidth":64
        }, 
        {
         "id":151,
         "image":"..\/..\/..\/..\/Client\/assets\/Tiles\/Ground\/151.png",
         "imageheight":64,
         "imagewidth":64
        }, 
        {
         "id":152,
         "image":"..\/..\/..\/..\/Client\/assets\/Tiles\/Ground\/152.png",
         "imageheight":64,
         "imagewidth":64
        }, 
        {
         "id":153,
         "image":"..\/..\/..\/..\/Client\/assets\/Tiles\/Ground\/153.png",
         "imageheight":64,
         "imagewidth":64
        }, 
        {
         "id":154,
         "image":"..\/..\/..\/..\/Client\/assets\/Tiles\/Ground\/154.png",
         "imageheight":64,
         "imagewidth":64
        }, 
        {
         "id":155,
         "image":"..\/..\/..\/..\/Client\/assets\/Tiles\/Ground\/155.png",
         "imageheight":64,
         "imagewidth":64
        }, 
        {
         "id":156,
         "image":"..\/..\/..\/..\/Client\/assets\/Tiles\/Ground\/156.png",
         "imageheight":64,
         "imagewidth":64
        }, 
        {
         "id":157,
         "image":"..\/..\/..\/..\/Client\/assets\/Tiles\/Ground\/157.png",
         "imageheight":64,
         "imagewidth":64
        }, 
        {
         "id":158,
         "image":"..\/..\/..\/..\/Client\/assets\/Tiles\/Ground\/158.png",
         "imageheight":64,
         "imagewidth":64
        }, 
        {
         "id":159,
         "image":"..\/..\/..\/..\/Client\/assets\/Tiles\/Ground\/159.png",
         "imageheight":64,
         "imagewidth":64
        }, 
        {
         "id":160,
         "image":"..\/..\/..\/..\/Client\/assets\/Tiles\/Ground\/160.png",
         "imageheight":64,
         "imagewidth":64
        }, 
        {
         "id":161,
         "image":"..\/..\/..\/..\/Client\/assets\/Tiles\/Ground\/161.png",
         "imageheight":64,
         "imagewidth":64
        }, 
        {
         "id":162,
         "image":"..\/..\/..\/..\/Client\/assets\/Tiles\/Ground\/162.png",
         "imageheight":64,
         "imagewidth":64
        }, 
        {
         "id":163,
         "image":"..\/..\/..\/..\/Client\/assets\/Tiles\/Ground\/163.png",
         "imageheight":128,
         "imagewidth":128
        }, 
        {
         "id":164,
         "image":"..\/..\/..\/..\/Client\/assets\/Tiles\/Ground\/164.png",
         "imageheight":256,
         "imagewidth":256
        }, 
        {
         "id":165,
         "image":"..\/..\/..\/..\/Client\/assets\/Tiles\/Ground\/165.png",
         "imageheight":64,
         "imagewidth":64
        }],
 "tilewidth":256,
 "type":"tileset",
 "version":1.2
}