{ "columns":0,
 "editorsettings":
    {
     "export":
        {
         "format":"",
         "target":"."
        }
    },
 "grid":
    {
     "height":1,
     "orientation":"orthogonal",
     "width":1
    },
 "margin":0,
 "name":"Decoration",
 "spacing":0,
 "tilecount":178,
 "tiledversion":"2020.05.29",
 "tileheight":512,
 "tiles":[
        {
         "id":0,
         "image":"..\/..\/..\/..\/Client\/assets\/Tiles\/Decoration\/0.png",
         "imageheight":96,
         "imagewidth":96
        }, 
        {
         "id":1,
         "image":"..\/..\/..\/..\/Client\/assets\/Tiles\/Decoration\/1.png",
         "imageheight":326,
         "imagewidth":254
        }, 
        {
         "id":2,
         "image":"..\/..\/..\/..\/Client\/assets\/Tiles\/Decoration\/2.png",
         "imageheight":38,
         "imagewidth":39
        }, 
        {
         "id":3,
         "image":"..\/..\/..\/..\/Client\/assets\/Tiles\/Decoration\/3.png",
         "imageheight":32,
         "imagewidth":30
        }, 
        {
         "id":4,
         "image":"..\/..\/..\/..\/Client\/assets\/Tiles\/Decoration\/4.png",
         "imageheight":107,
         "imagewidth":83
        }, 
        {
         "id":5,
         "image":"..\/..\/..\/..\/Client\/assets\/Tiles\/Decoration\/5.png",
         "imageheight":107,
         "imagewidth":83
        }, 
        {
         "id":6,
         "image":"..\/..\/..\/..\/Client\/assets\/Tiles\/Decoration\/6.png",
         "imageheight":32,
         "imagewidth":32
        }, 
        {
         "id":7,
         "image":"..\/..\/..\/..\/Client\/assets\/Tiles\/Decoration\/7.png",
         "imageheight":154,
         "imagewidth":182
        }, 
        {
         "id":8,
         "image":"..\/..\/..\/..\/Client\/assets\/Tiles\/Decoration\/8.png",
         "imageheight":196,
         "imagewidth":76
        }, 
        {
         "id":9,
         "image":"..\/..\/..\/..\/Client\/assets\/Tiles\/Decoration\/9.png",
         "imageheight":224,
         "imagewidth":94
        }, 
        {
         "id":10,
         "image":"..\/..\/..\/..\/Client\/assets\/Tiles\/Decoration\/10.png",
         "imageheight":290,
         "imagewidth":264
        }, 
        {
         "id":11,
         "image":"..\/..\/..\/..\/Client\/assets\/Tiles\/Decoration\/11.png",
         "imageheight":288,
         "imagewidth":260
        }, 
        {
         "id":12,
         "image":"..\/..\/..\/..\/Client\/assets\/Tiles\/Decoration\/12.png",
         "imageheight":272,
         "imagewidth":266
        }, 
        {
         "id":13,
         "image":"..\/..\/..\/..\/Client\/assets\/Tiles\/Decoration\/13.png",
         "imageheight":298,
         "imagewidth":238
        }, 
        {
         "id":14,
         "image":"..\/..\/..\/..\/Client\/assets\/Tiles\/Decoration\/14.png",
         "imageheight":298,
         "imagewidth":118
        }, 
        {
         "id":15,
         "image":"..\/..\/..\/..\/Client\/assets\/Tiles\/Decoration\/15.png",
         "imageheight":304,
         "imagewidth":280
        }, 
        {
         "id":16,
         "image":"..\/..\/..\/..\/Client\/assets\/Tiles\/Decoration\/16.png",
         "imageheight":64,
         "imagewidth":82
        }, 
        {
         "id":17,
         "image":"..\/..\/..\/..\/Client\/assets\/Tiles\/Decoration\/17.png",
         "imageheight":64,
         "imagewidth":64
        }, 
        {
         "id":18,
         "image":"..\/..\/..\/..\/Client\/assets\/Tiles\/Decoration\/18.png",
         "imageheight":340,
         "imagewidth":302
        }, 
        {
         "id":19,
         "image":"..\/..\/..\/..\/Client\/assets\/Tiles\/Decoration\/19.png",
         "imageheight":326,
         "imagewidth":276
        }, 
        {
         "id":20,
         "image":"..\/..\/..\/..\/Client\/assets\/Tiles\/Decoration\/20.png",
         "imageheight":330,
         "imagewidth":252
        }, 
        {
         "id":21,
         "image":"..\/..\/..\/..\/Client\/assets\/Tiles\/Decoration\/21.png",
         "imageheight":324,
         "imagewidth":256
        }, 
        {
         "id":22,
         "image":"..\/..\/..\/..\/Client\/assets\/Tiles\/Decoration\/22.png",
         "imageheight":244,
         "imagewidth":188
        }, 
        {
         "id":23,
         "image":"..\/..\/..\/..\/Client\/assets\/Tiles\/Decoration\/23.png",
         "imageheight":256,
         "imagewidth":256
        }, 
        {
         "id":24,
         "image":"..\/..\/..\/..\/Client\/assets\/Tiles\/Decoration\/24.png",
         "imageheight":128,
         "imagewidth":128
        }, 
        {
         "id":25,
         "image":"..\/..\/..\/..\/Client\/assets\/Tiles\/Decoration\/25.png",
         "imageheight":128,
         "imagewidth":128
        }, 
        {
         "id":26,
         "image":"..\/..\/..\/..\/Client\/assets\/Tiles\/Decoration\/26.png",
         "imageheight":256,
         "imagewidth":256
        }, 
        {
         "id":27,
         "image":"..\/..\/..\/..\/Client\/assets\/Tiles\/Decoration\/27.png",
         "imageheight":256,
         "imagewidth":256
        }, 
        {
         "id":28,
         "image":"..\/..\/..\/..\/Client\/assets\/Tiles\/Decoration\/28.png",
         "imageheight":320,
         "imagewidth":282
        }, 
        {
         "id":29,
         "image":"..\/..\/..\/..\/Client\/assets\/Tiles\/Decoration\/29.png",
         "imageheight":320,
         "imagewidth":256
        }, 
        {
         "id":30,
         "image":"..\/..\/..\/..\/Client\/assets\/Tiles\/Decoration\/30.png",
         "imageheight":320,
         "imagewidth":256
        }, 
        {
         "id":31,
         "image":"..\/..\/..\/..\/Client\/assets\/Tiles\/Decoration\/31.png",
         "imageheight":261,
         "imagewidth":239
        }, 
        {
         "id":32,
         "image":"..\/..\/..\/..\/Client\/assets\/Tiles\/Decoration\/32.png",
         "imageheight":256,
         "imagewidth":256
        }, 
        {
         "id":33,
         "image":"..\/..\/..\/..\/Client\/assets\/Tiles\/Decoration\/33.png",
         "imageheight":256,
         "imagewidth":256
        }, 
        {
         "id":34,
         "image":"..\/..\/..\/..\/Client\/assets\/Tiles\/Decoration\/34.png",
         "imageheight":256,
         "imagewidth":256
        }, 
        {
         "id":35,
         "image":"..\/..\/..\/..\/Client\/assets\/Tiles\/Decoration\/35.png",
         "imageheight":256,
         "imagewidth":256
        }, 
        {
         "id":36,
         "image":"..\/..\/..\/..\/Client\/assets\/Tiles\/Decoration\/36.png",
         "imageheight":256,
         "imagewidth":256
        }, 
        {
         "id":37,
         "image":"..\/..\/..\/..\/Client\/assets\/Tiles\/Decoration\/37.png",
         "imageheight":256,
         "imagewidth":256
        }, 
        {
         "id":38,
         "image":"..\/..\/..\/..\/Client\/assets\/Tiles\/Decoration\/38.png",
         "imageheight":256,
         "imagewidth":256
        }, 
        {
         "id":39,
         "image":"..\/..\/..\/..\/Client\/assets\/Tiles\/Decoration\/39.png",
         "imageheight":256,
         "imagewidth":256
        }, 
        {
         "id":40,
         "image":"..\/..\/..\/..\/Client\/assets\/Tiles\/Decoration\/40.png",
         "imageheight":256,
         "imagewidth":256
        }, 
        {
         "id":41,
         "image":"..\/..\/..\/..\/Client\/assets\/Tiles\/Decoration\/41.png",
         "imageheight":240,
         "imagewidth":150
        }, 
        {
         "id":42,
         "image":"..\/..\/..\/..\/Client\/assets\/Tiles\/Decoration\/42.png",
         "imageheight":256,
         "imagewidth":256
        }, 
        {
         "id":43,
         "image":"..\/..\/..\/..\/Client\/assets\/Tiles\/Decoration\/43.png",
         "imageheight":256,
         "imagewidth":256
        }, 
        {
         "id":44,
         "image":"..\/..\/..\/..\/Client\/assets\/Tiles\/Decoration\/44.png",
         "imageheight":256,
         "imagewidth":256
        }, 
        {
         "id":45,
         "image":"..\/..\/..\/..\/Client\/assets\/Tiles\/Decoration\/45.png",
         "imageheight":256,
         "imagewidth":256
        }, 
        {
         "id":46,
         "image":"..\/..\/..\/..\/Client\/assets\/Tiles\/Decoration\/46.png",
         "imageheight":256,
         "imagewidth":256
        }, 
        {
         "id":47,
         "image":"..\/..\/..\/..\/Client\/assets\/Tiles\/Decoration\/47.png",
         "imageheight":256,
         "imagewidth":256
        }, 
        {
         "id":48,
         "image":"..\/..\/..\/..\/Client\/assets\/Tiles\/Decoration\/48.png",
         "imageheight":256,
         "imagewidth":256
        }, 
        {
         "id":49,
         "image":"..\/..\/..\/..\/Client\/assets\/Tiles\/Decoration\/49.png",
         "imageheight":42,
         "imagewidth":37
        }, 
        {
         "id":50,
         "image":"..\/..\/..\/..\/Client\/assets\/Tiles\/Decoration\/50.png",
         "imageheight":256,
         "imagewidth":256
        }, 
        {
         "id":51,
         "image":"..\/..\/..\/..\/Client\/assets\/Tiles\/Decoration\/51.png",
         "imageheight":256,
         "imagewidth":256
        }, 
        {
         "id":52,
         "image":"..\/..\/..\/..\/Client\/assets\/Tiles\/Decoration\/52.png",
         "imageheight":256,
         "imagewidth":256
        }, 
        {
         "id":53,
         "image":"..\/..\/..\/..\/Client\/assets\/Tiles\/Decoration\/53.png",
         "imageheight":256,
         "imagewidth":256
        }, 
        {
         "id":54,
         "image":"..\/..\/..\/..\/Client\/assets\/Tiles\/Decoration\/54.png",
         "imageheight":256,
         "imagewidth":256
        }, 
        {
         "id":55,
         "image":"..\/..\/..\/..\/Client\/assets\/Tiles\/Decoration\/55.png",
         "imageheight":256,
         "imagewidth":256
        }, 
        {
         "id":56,
         "image":"..\/..\/..\/..\/Client\/assets\/Tiles\/Decoration\/56.png",
         "imageheight":256,
         "imagewidth":256
        }, 
        {
         "id":57,
         "image":"..\/..\/..\/..\/Client\/assets\/Tiles\/Decoration\/57.png",
         "imageheight":256,
         "imagewidth":256
        }, 
        {
         "id":58,
         "image":"..\/..\/..\/..\/Client\/assets\/Tiles\/Decoration\/58.png",
         "imageheight":256,
         "imagewidth":256
        }, 
        {
         "id":59,
         "image":"..\/..\/..\/..\/Client\/assets\/Tiles\/Decoration\/59.png",
         "imageheight":256,
         "imagewidth":256
        }, 
        {
         "id":60,
         "image":"..\/..\/..\/..\/Client\/assets\/Tiles\/Decoration\/60.png",
         "imageheight":256,
         "imagewidth":256
        }, 
        {
         "id":61,
         "image":"..\/..\/..\/..\/Client\/assets\/Tiles\/Decoration\/61.png",
         "imageheight":256,
         "imagewidth":256
        }, 
        {
         "id":62,
         "image":"..\/..\/..\/..\/Client\/assets\/Tiles\/Decoration\/62.png",
         "imageheight":256,
         "imagewidth":256
        }, 
        {
         "id":63,
         "image":"..\/..\/..\/..\/Client\/assets\/Tiles\/Decoration\/63.png",
         "imageheight":256,
         "imagewidth":256
        }, 
        {
         "id":64,
         "image":"..\/..\/..\/..\/Client\/assets\/Tiles\/Decoration\/64.png",
         "imageheight":256,
         "imagewidth":256
        }, 
        {
         "id":65,
         "image":"..\/..\/..\/..\/Client\/assets\/Tiles\/Decoration\/65.png",
         "imageheight":52,
         "imagewidth":56
        }, 
        {
         "id":66,
         "image":"..\/..\/..\/..\/Client\/assets\/Tiles\/Decoration\/66.png",
         "imageheight":40,
         "imagewidth":44
        }, 
        {
         "id":67,
         "image":"..\/..\/..\/..\/Client\/assets\/Tiles\/Decoration\/67.png",
         "imageheight":40,
         "imagewidth":48
        }, 
        {
         "id":68,
         "image":"..\/..\/..\/..\/Client\/assets\/Tiles\/Decoration\/68.png",
         "imageheight":36,
         "imagewidth":42
        }, 
        {
         "id":69,
         "image":"..\/..\/..\/..\/Client\/assets\/Tiles\/Decoration\/69.png",
         "imageheight":40,
         "imagewidth":46
        }, 
        {
         "id":70,
         "image":"..\/..\/..\/..\/Client\/assets\/Tiles\/Decoration\/70.png",
         "imageheight":44,
         "imagewidth":44
        }, 
        {
         "id":71,
         "image":"..\/..\/..\/..\/Client\/assets\/Tiles\/Decoration\/71.png",
         "imageheight":42,
         "imagewidth":44
        }, 
        {
         "id":72,
         "image":"..\/..\/..\/..\/Client\/assets\/Tiles\/Decoration\/72.png",
         "imageheight":36,
         "imagewidth":44
        }, 
        {
         "id":73,
         "image":"..\/..\/..\/..\/Client\/assets\/Tiles\/Decoration\/73.png",
         "imageheight":42,
         "imagewidth":42
        }, 
        {
         "id":74,
         "image":"..\/..\/..\/..\/Client\/assets\/Tiles\/Decoration\/74.png",
         "imageheight":38,
         "imagewidth":42
        }, 
        {
         "id":75,
         "image":"..\/..\/..\/..\/Client\/assets\/Tiles\/Decoration\/75.png",
         "imageheight":58,
         "imagewidth":68
        }, 
        {
         "id":76,
         "image":"..\/..\/..\/..\/Client\/assets\/Tiles\/Decoration\/76.png",
         "imageheight":52,
         "imagewidth":64
        }, 
        {
         "id":77,
         "image":"..\/..\/..\/..\/Client\/assets\/Tiles\/Decoration\/77.png",
         "imageheight":64,
         "imagewidth":72
        }, 
        {
         "id":78,
         "image":"..\/..\/..\/..\/Client\/assets\/Tiles\/Decoration\/78.png",
         "imageheight":64,
         "imagewidth":80
        }, 
        {
         "id":79,
         "image":"..\/..\/..\/..\/Client\/assets\/Tiles\/Decoration\/79.png",
         "imageheight":70,
         "imagewidth":128
        }, 
        {
         "id":80,
         "image":"..\/..\/..\/..\/Client\/assets\/Tiles\/Decoration\/80.png",
         "imageheight":74,
         "imagewidth":128
        }, 
        {
         "id":81,
         "image":"..\/..\/..\/..\/Client\/assets\/Tiles\/Decoration\/81.png",
         "imageheight":96,
         "imagewidth":96
        }, 
        {
         "id":82,
         "image":"..\/..\/..\/..\/Client\/assets\/Tiles\/Decoration\/82.png",
         "imageheight":144,
         "imagewidth":106
        }, 
        {
         "id":83,
         "image":"..\/..\/..\/..\/Client\/assets\/Tiles\/Decoration\/83.png",
         "imageheight":128,
         "imagewidth":128
        }, 
        {
         "id":84,
         "image":"..\/..\/..\/..\/Client\/assets\/Tiles\/Decoration\/84.png",
         "imageheight":128,
         "imagewidth":128
        }, 
        {
         "id":85,
         "image":"..\/..\/..\/..\/Client\/assets\/Tiles\/Decoration\/85.png",
         "imageheight":128,
         "imagewidth":128
        }, 
        {
         "id":86,
         "image":"..\/..\/..\/..\/Client\/assets\/Tiles\/Decoration\/86.png",
         "imageheight":182,
         "imagewidth":122
        }, 
        {
         "id":87,
         "image":"..\/..\/..\/..\/Client\/assets\/Tiles\/Decoration\/87.png",
         "imageheight":98,
         "imagewidth":256
        }, 
        {
         "id":88,
         "image":"..\/..\/..\/..\/Client\/assets\/Tiles\/Decoration\/88.png",
         "imageheight":264,
         "imagewidth":224
        }, 
        {
         "id":89,
         "image":"..\/..\/..\/..\/Client\/assets\/Tiles\/Decoration\/89.png",
         "imageheight":256,
         "imagewidth":256
        }, 
        {
         "id":90,
         "image":"..\/..\/..\/..\/Client\/assets\/Tiles\/Decoration\/90.png",
         "imageheight":256,
         "imagewidth":256
        }, 
        {
         "id":91,
         "image":"..\/..\/..\/..\/Client\/assets\/Tiles\/Decoration\/91.png",
         "imageheight":64,
         "imagewidth":64
        }, 
        {
         "id":92,
         "image":"..\/..\/..\/..\/Client\/assets\/Tiles\/Decoration\/92.png",
         "imageheight":64,
         "imagewidth":64
        }, 
        {
         "id":93,
         "image":"..\/..\/..\/..\/Client\/assets\/Tiles\/Decoration\/93.png",
         "imageheight":64,
         "imagewidth":64
        }, 
        {
         "id":94,
         "image":"..\/..\/..\/..\/Client\/assets\/Tiles\/Decoration\/94.png",
         "imageheight":56,
         "imagewidth":128
        }, 
        {
         "id":95,
         "image":"..\/..\/..\/..\/Client\/assets\/Tiles\/Decoration\/95.png",
         "imageheight":54,
         "imagewidth":84
        }, 
        {
         "id":96,
         "image":"..\/..\/..\/..\/Client\/assets\/Tiles\/Decoration\/96.png",
         "imageheight":32,
         "imagewidth":32
        }, 
        {
         "id":97,
         "image":"..\/..\/..\/..\/Client\/assets\/Tiles\/Decoration\/97.png",
         "imageheight":32,
         "imagewidth":32
        }, 
        {
         "id":98,
         "image":"..\/..\/..\/..\/Client\/assets\/Tiles\/Decoration\/98.png",
         "imageheight":32,
         "imagewidth":32
        }, 
        {
         "id":99,
         "image":"..\/..\/..\/..\/Client\/assets\/Tiles\/Decoration\/99.png",
         "imageheight":32,
         "imagewidth":32
        }, 
        {
         "id":100,
         "image":"..\/..\/..\/..\/Client\/assets\/Tiles\/Decoration\/100.png",
         "imageheight":32,
         "imagewidth":32
        }, 
        {
         "id":101,
         "image":"..\/..\/..\/..\/Client\/assets\/Tiles\/Decoration\/101.png",
         "imageheight":144,
         "imagewidth":120
        }, 
        {
         "id":102,
         "image":"..\/..\/..\/..\/Client\/assets\/Tiles\/Decoration\/102.png",
         "imageheight":94,
         "imagewidth":78
        }, 
        {
         "id":103,
         "image":"..\/..\/..\/..\/Client\/assets\/Tiles\/Decoration\/103.png",
         "imageheight":64,
         "imagewidth":64
        }, 
        {
         "id":104,
         "image":"..\/..\/..\/..\/Client\/assets\/Tiles\/Decoration\/104.png",
         "imageheight":194,
         "imagewidth":68
        }, 
        {
         "id":105,
         "image":"..\/..\/..\/..\/Client\/assets\/Tiles\/Decoration\/105.png",
         "imageheight":124,
         "imagewidth":140
        }, 
        {
         "id":106,
         "image":"..\/..\/..\/..\/Client\/assets\/Tiles\/Decoration\/106.png",
         "imageheight":124,
         "imagewidth":144
        }, 
        {
         "id":107,
         "image":"..\/..\/..\/..\/Client\/assets\/Tiles\/Decoration\/107.png",
         "imageheight":104,
         "imagewidth":128
        }, 
        {
         "id":108,
         "image":"..\/..\/..\/..\/Client\/assets\/Tiles\/Decoration\/108.png",
         "imageheight":298,
         "imagewidth":204
        }, 
        {
         "id":109,
         "image":"..\/..\/..\/..\/Client\/assets\/Tiles\/Decoration\/109.png",
         "imageheight":282,
         "imagewidth":192
        }, 
        {
         "id":110,
         "image":"..\/..\/..\/..\/Client\/assets\/Tiles\/Decoration\/110.png",
         "imageheight":302,
         "imagewidth":198
        }, 
        {
         "id":111,
         "image":"..\/..\/..\/..\/Client\/assets\/Tiles\/Decoration\/111.png",
         "imageheight":256,
         "imagewidth":256
        }, 
        {
         "id":112,
         "image":"..\/..\/..\/..\/Client\/assets\/Tiles\/Decoration\/112.png",
         "imageheight":386,
         "imagewidth":330
        }, 
        {
         "id":113,
         "image":"..\/..\/..\/..\/Client\/assets\/Tiles\/Decoration\/113.png",
         "imageheight":256,
         "imagewidth":256
        }, 
        {
         "id":114,
         "image":"..\/..\/..\/..\/Client\/assets\/Tiles\/Decoration\/114.png",
         "imageheight":146,
         "imagewidth":106
        }, 
        {
         "id":115,
         "image":"..\/..\/..\/..\/Client\/assets\/Tiles\/Decoration\/115.png",
         "imageheight":218,
         "imagewidth":122
        }, 
        {
         "id":116,
         "image":"..\/..\/..\/..\/Client\/assets\/Tiles\/Decoration\/116.png",
         "imageheight":196,
         "imagewidth":256
        }, 
        {
         "id":117,
         "image":"..\/..\/..\/..\/Client\/assets\/Tiles\/Decoration\/117.png",
         "imageheight":188,
         "imagewidth":196
        }, 
        {
         "id":118,
         "image":"..\/..\/..\/..\/Client\/assets\/Tiles\/Decoration\/118.png",
         "imageheight":220,
         "imagewidth":154
        }, 
        {
         "id":119,
         "image":"..\/..\/..\/..\/Client\/assets\/Tiles\/Decoration\/119.png",
         "imageheight":196,
         "imagewidth":106
        }, 
        {
         "id":120,
         "image":"..\/..\/..\/..\/Client\/assets\/Tiles\/Decoration\/120.png",
         "imageheight":64,
         "imagewidth":64
        }, 
        {
         "id":121,
         "image":"..\/..\/..\/..\/Client\/assets\/Tiles\/Decoration\/121.png",
         "imageheight":342,
         "imagewidth":212
        }, 
        {
         "id":122,
         "image":"..\/..\/..\/..\/Client\/assets\/Tiles\/Decoration\/122.png",
         "imageheight":128,
         "imagewidth":128
        }, 
        {
         "id":123,
         "image":"..\/..\/..\/..\/Client\/assets\/Tiles\/Decoration\/123.png",
         "imageheight":192,
         "imagewidth":96
        }, 
        {
         "id":124,
         "image":"..\/..\/..\/..\/Client\/assets\/Tiles\/Decoration\/124.png",
         "imageheight":192,
         "imagewidth":128
        }, 
        {
         "id":125,
         "image":"..\/..\/..\/..\/Client\/assets\/Tiles\/Decoration\/125.png",
         "imageheight":320,
         "imagewidth":320
        }, 
        {
         "id":126,
         "image":"..\/..\/..\/..\/Client\/assets\/Tiles\/Decoration\/126.png",
         "imageheight":256,
         "imagewidth":256
        }, 
        {
         "id":127,
         "image":"..\/..\/..\/..\/Client\/assets\/Tiles\/Decoration\/127.png",
         "imageheight":100,
         "imagewidth":256
        }, 
        {
         "id":128,
         "image":"..\/..\/..\/..\/Client\/assets\/Tiles\/Decoration\/128.png",
         "imageheight":164,
         "imagewidth":256
        }, 
        {
         "id":129,
         "image":"..\/..\/..\/..\/Client\/assets\/Tiles\/Decoration\/129.png",
         "imageheight":98,
         "imagewidth":256
        }, 
        {
         "id":130,
         "image":"..\/..\/..\/..\/Client\/assets\/Tiles\/Decoration\/130.png",
         "imageheight":162,
         "imagewidth":256
        }, 
        {
         "id":131,
         "image":"..\/..\/..\/..\/Client\/assets\/Tiles\/Decoration\/131.png",
         "imageheight":386,
         "imagewidth":322
        }, 
        {
         "id":132,
         "image":"..\/..\/..\/..\/Client\/assets\/Tiles\/Decoration\/132.png",
         "imageheight":162,
         "imagewidth":322
        }, 
        {
         "id":133,
         "image":"..\/..\/..\/..\/Client\/assets\/Tiles\/Decoration\/133.png",
         "imageheight":162,
         "imagewidth":256
        }, 
        {
         "id":134,
         "image":"..\/..\/..\/..\/Client\/assets\/Tiles\/Decoration\/134.png",
         "imageheight":90,
         "imagewidth":256
        }, 
        {
         "id":135,
         "image":"..\/..\/..\/..\/Client\/assets\/Tiles\/Decoration\/135.png",
         "imageheight":96,
         "imagewidth":32
        }, 
        {
         "id":136,
         "image":"..\/..\/..\/..\/Client\/assets\/Tiles\/Decoration\/136.png",
         "imageheight":112,
         "imagewidth":52
        }, 
        {
         "id":137,
         "image":"..\/..\/..\/..\/Client\/assets\/Tiles\/Decoration\/137.png",
         "imageheight":48,
         "imagewidth":64
        }, 
        {
         "id":138,
         "image":"..\/..\/..\/..\/Client\/assets\/Tiles\/Decoration\/138.png",
         "imageheight":188,
         "imagewidth":256
        }, 
        {
         "id":139,
         "image":"..\/..\/..\/..\/Client\/assets\/Tiles\/Decoration\/139.png",
         "imageheight":190,
         "imagewidth":256
        }, 
        {
         "id":140,
         "image":"..\/..\/..\/..\/Client\/assets\/Tiles\/Decoration\/140.png",
         "imageheight":190,
         "imagewidth":256
        }, 
        {
         "id":141,
         "image":"..\/..\/..\/..\/Client\/assets\/Tiles\/Decoration\/141.png",
         "imageheight":188,
         "imagewidth":256
        }, 
        {
         "id":142,
         "image":"..\/..\/..\/..\/Client\/assets\/Tiles\/Decoration\/142.png",
         "imageheight":512,
         "imagewidth":512
        }, 
        {
         "id":143,
         "image":"..\/..\/..\/..\/Client\/assets\/Tiles\/Decoration\/143.png",
         "imageheight":192,
         "imagewidth":218
        }, 
        {
         "id":144,
         "image":"..\/..\/..\/..\/Client\/assets\/Tiles\/Decoration\/144.png",
         "imageheight":44,
         "imagewidth":46
        }, 
        {
         "id":145,
         "image":"..\/..\/..\/..\/Client\/assets\/Tiles\/Decoration\/145.png",
         "imageheight":50,
         "imagewidth":52
        }, 
        {
         "id":146,
         "image":"..\/..\/..\/..\/Client\/assets\/Tiles\/Decoration\/146.png",
         "imageheight":44,
         "imagewidth":42
        }, 
        {
         "id":147,
         "image":"..\/..\/..\/..\/Client\/assets\/Tiles\/Decoration\/147.png",
         "imageheight":32,
         "imagewidth":32
        }, 
        {
         "id":148,
         "image":"..\/..\/..\/..\/Client\/assets\/Tiles\/Decoration\/148.png",
         "imageheight":32,
         "imagewidth":32
        }, 
        {
         "id":149,
         "image":"..\/..\/..\/..\/Client\/assets\/Tiles\/Decoration\/149.png",
         "imageheight":32,
         "imagewidth":32
        }, 
        {
         "id":150,
         "image":"..\/..\/..\/..\/Client\/assets\/Tiles\/Decoration\/150.png",
         "imageheight":116,
         "imagewidth":94
        }, 
        {
         "id":151,
         "image":"..\/..\/..\/..\/Client\/assets\/Tiles\/Decoration\/151.png",
         "imageheight":44,
         "imagewidth":42
        }, 
        {
         "id":152,
         "image":"..\/..\/..\/..\/Client\/assets\/Tiles\/Decoration\/152.png",
         "imageheight":412,
         "imagewidth":104
        }, 
        {
         "id":153,
         "image":"..\/..\/..\/..\/Client\/assets\/Tiles\/Decoration\/153.png",
         "imageheight":76,
         "imagewidth":22
        }, 
        {
         "id":154,
         "image":"..\/..\/..\/..\/Client\/assets\/Tiles\/Decoration\/154.png",
         "imageheight":98,
         "imagewidth":128
        }, 
        {
         "id":155,
         "image":"..\/..\/..\/..\/Client\/assets\/Tiles\/Decoration\/155.png",
         "imageheight":140,
         "imagewidth":104
        }, 
        {
         "id":156,
         "image":"..\/..\/..\/..\/Client\/assets\/Tiles\/Decoration\/156.png",
         "imageheight":60,
         "imagewidth":70
        }, 
        {
         "id":157,
         "image":"..\/..\/..\/..\/Client\/assets\/Tiles\/Decoration\/157.png",
         "imageheight":64,
         "imagewidth":64
        }, 
        {
         "id":158,
         "image":"..\/..\/..\/..\/Client\/assets\/Tiles\/Decoration\/158.png",
         "imageheight":256,
         "imagewidth":256
        }, 
        {
         "id":159,
         "image":"..\/..\/..\/..\/Client\/assets\/Tiles\/Decoration\/159.png",
         "imageheight":74,
         "imagewidth":128
        }, 
        {
         "id":160,
         "image":"..\/..\/..\/..\/Client\/assets\/Tiles\/Decoration\/160.png",
         "imageheight":74,
         "imagewidth":128
        }, 
        {
         "id":161,
         "image":"..\/..\/..\/..\/Client\/assets\/Tiles\/Decoration\/161.png",
         "imageheight":74,
         "imagewidth":128
        }, 
        {
         "id":162,
         "image":"..\/..\/..\/..\/Client\/assets\/Tiles\/Decoration\/162.png",
         "imageheight":146,
         "imagewidth":160
        }, 
        {
         "id":163,
         "image":"..\/..\/..\/..\/Client\/assets\/Tiles\/Decoration\/163.png",
         "imageheight":146,
         "imagewidth":160
        }, 
        {
         "id":164,
         "image":"..\/..\/..\/..\/Client\/assets\/Tiles\/Decoration\/164.png",
         "imageheight":74,
         "imagewidth":128
        }, 
        {
         "id":165,
         "image":"..\/..\/..\/..\/Client\/assets\/Tiles\/Decoration\/165.png",
         "imageheight":70,
         "imagewidth":128
        }, 
        {
         "id":166,
         "image":"..\/..\/..\/..\/Client\/assets\/Tiles\/Decoration\/166.png",
         "imageheight":74,
         "imagewidth":128
        }, 
        {
         "id":167,
         "image":"..\/..\/..\/..\/Client\/assets\/Tiles\/Decoration\/167.png",
         "imageheight":74,
         "imagewidth":128
        }, 
        {
         "id":168,
         "image":"..\/..\/..\/..\/Client\/assets\/Tiles\/Decoration\/168.png",
         "imageheight":74,
         "imagewidth":128
        }, 
        {
         "id":169,
         "image":"..\/..\/..\/..\/Client\/assets\/Tiles\/Decoration\/169.png",
         "imageheight":261,
         "imagewidth":242
        }, 
        {
         "id":170,
         "image":"..\/..\/..\/..\/Client\/assets\/Tiles\/Decoration\/170.png",
         "imageheight":261,
         "imagewidth":268
        }, 
        {
         "id":171,
         "image":"..\/..\/..\/..\/Client\/assets\/Tiles\/Decoration\/171.png",
         "imageheight":261,
         "imagewidth":229
        }, 
        {
         "id":172,
         "image":"..\/..\/..\/..\/Client\/assets\/Tiles\/Decoration\/172.png",
         "imageheight":300,
         "imagewidth":229
        }, 
        {
         "id":173,
         "image":"..\/..\/..\/..\/Client\/assets\/Tiles\/Decoration\/173.png",
         "imageheight":300,
         "imagewidth":238
        }, 
        {
         "id":174,
         "image":"..\/..\/..\/..\/Client\/assets\/Tiles\/Decoration\/174.png",
         "imageheight":52,
         "imagewidth":64
        }, 
        {
         "id":175,
         "image":"..\/..\/..\/..\/Client\/assets\/Tiles\/Decoration\/175.png",
         "imageheight":58,
         "imagewidth":68
        }, 
        {
         "id":176,
         "image":"..\/..\/..\/..\/Client\/assets\/Tiles\/Decoration\/176.png",
         "imageheight":64,
         "imagewidth":64
        }, 
        {
         "id":177,
         "image":"..\/..\/..\/..\/Client\/assets\/Tiles\/Decoration\/177.png",
         "imageheight":128,
         "imagewidth":32
        }],
 "tilewidth":512,
 "type":"tileset",
 "version":1.2
}