{ "columns":0,
 "editorsettings":
    {
     "export":
        {
         "format":"",
         "target":"."
        }
    },
 "grid":
    {
     "height":1,
     "orientation":"orthogonal",
     "width":1
    },
 "margin":0,
 "name":"NPCs",
 "spacing":0,
 "tilecount":8,
 "tiledversion":"2020.05.29",
 "tileheight":64,
 "tiles":[
        {
         "id":0,
         "image":"..\/..\/..\/..\/Client\/assets\/Tiles\/NPCs\/0.png",
         "imageheight":64,
         "imagewidth":32,
         "properties":[
                {
                 "name":"gid",
                 "type":"int",
                 "value":400
                }]
        }, 
        {
         "id":1,
         "image":"..\/..\/..\/..\/Client\/assets\/Tiles\/NPCs\/1.png",
         "imageheight":64,
         "imagewidth":32,
         "properties":[
                {
                 "name":"gid",
                 "type":"int",
                 "value":400
                }]
        }, 
        {
         "id":2,
         "image":"..\/..\/..\/..\/Client\/assets\/Tiles\/NPCs\/2.png",
         "imageheight":64,
         "imagewidth":32,
         "properties":[
                {
                 "name":"gid",
                 "type":"int",
                 "value":401
                }]
        }, 
        {
         "id":3,
         "image":"..\/..\/..\/..\/Client\/assets\/Tiles\/NPCs\/3.png",
         "imageheight":64,
         "imagewidth":32,
         "properties":[
                {
                 "name":"gid",
                 "type":"int",
                 "value":401
                }]
        }, 
        {
         "id":4,
         "image":"..\/..\/..\/..\/Client\/assets\/Tiles\/NPCs\/4.png",
         "imageheight":64,
         "imagewidth":32,
         "properties":[
                {
                 "name":"gid",
                 "type":"int",
                 "value":402
                }]
        }, 
        {
         "id":5,
         "image":"..\/..\/..\/..\/Client\/assets\/Tiles\/NPCs\/5.png",
         "imageheight":64,
         "imagewidth":32,
         "properties":[
                {
                 "name":"gid",
                 "type":"int",
                 "value":402
                }]
        }, 
        {
         "id":6,
         "image":"..\/..\/..\/..\/Client\/assets\/Tiles\/NPCs\/6.png",
         "imageheight":64,
         "imagewidth":32,
         "properties":[
                {
                 "name":"gid",
                 "type":"int",
                 "value":403
                }]
        }, 
        {
         "id":7,
         "image":"..\/..\/..\/..\/Client\/assets\/Tiles\/NPCs\/7.png",
         "imageheight":64,
         "imagewidth":32,
         "properties":[
                {
                 "name":"gid",
                 "type":"int",
                 "value":403
                }]
        }],
 "tilewidth":32,
 "type":"tileset",
 "version":1.2
}