{ "columns":0,
 "grid":
    {
     "height":1,
     "orientation":"orthogonal",
     "width":1
    },
 "margin":0,
 "name":"Metadata",
 "spacing":0,
 "tilecount":4,
 "tiledversion":"2020.05.29",
 "tileheight":32,
 "tiles":[
        {
         "id":0,
         "image":"..\/..\/..\/..\/Client\/assets\/Tiles\/Metadata\/collision.png",
         "imageheight":32,
         "imagewidth":32
        }, 
        {
         "id":1,
         "image":"..\/..\/..\/..\/Client\/assets\/Tiles\/Metadata\/indoor.png",
         "imageheight":32,
         "imagewidth":32
        }, 
        {
         "id":2,
         "image":"..\/..\/..\/..\/Client\/assets\/Tiles\/Metadata\/safezone.png",
         "imageheight":32,
         "imagewidth":32
        }, 
        {
         "id":3,
         "image":"..\/..\/..\/..\/Client\/assets\/Tiles\/Metadata\/portal.png",
         "imageheight":32,
         "imagewidth":32
        }],
 "tilewidth":32,
 "type":"tileset",
 "version":1.2
}